{
  "accuracy": 0.5,
  "precision": 0.4444444444444444,
  "recall": 0.2857142857142857,
  "f1_score": 0.34782608695652173,
  "saved_at": "2026-01-29T20:25:06.607545",
  "model_type": "Random Forest (Demo)",
  "samples_trained": 100,
  "features": 17
}